id,delay
TU 0216 ,1
TU 0543 ,3
TU 0527 ,7
UG 0011 ,49
TU 0214 ,35
TU 0634 ,24
TU 0751 ,20
TU 0589 ,2
TU 0724 ,24
TU 0217 ,46
TU 0711 ,25
TU 0847 ,11
TU 0716 ,38
TU 0996 ,7
TU 0756 ,38
TU 0718 ,11
TU 0789 ,31
TU 0634 ,5
TU 0705 ,36
TU 0722 ,2
TU 0375 ,44
TU 0701 ,48
TU 0757 ,1
TU 0813 ,19
TU 0719 ,34
TU 0722 ,36
TU 0716 ,42
TU 0753 ,26
TU 0789 ,44
TU 0282 ,22
TU 0589 ,11
TU 0217 ,7
TU 0930 ,16
TU 0788 ,48
TU 0931 ,23
TU 0997 ,34
TU 0539 ,11
TU 0719 ,15
TU 0246 ,42
TU 0399 ,4
TU 0543 ,25
TU 0814 ,15
TU 0724 ,22
TU 0723 ,12
TU 0841 ,45
TU 0756 ,47
TU 0712 ,13
TU 0397 ,4
TU 0514 ,40
TU 0716 ,36
TU 0635 ,15
TU 0712 ,2
TU 0753 ,30
TU 0903 ,20
TU 6593 ,31
TU 0613 ,15
TU 0214 ,27
TU 0790 ,37
TU 0931 ,6
TU 0751 ,11
TU 0789 ,16
TU 0480 ,2
TU 0208 ,45
TU 0397 ,42
TU 0216 ,40
TU 0202 ,1
TU 0283 ,19
TU 0607 ,22
TU 0527 ,30
TU 0790 ,7
TU 0902 ,42
TU 0705 ,13
TU 0719 ,22
TU 0375 ,1
TU 0214 ,21
TU 0716 ,4
TU 0750 ,14
TU 0788 ,39
TU 0541 ,27
TU 0724 ,29
TU 0711 ,14
TU 0744 ,16
TU 0930 ,30
TU 0725 ,18
TU 0472 ,46
TU 0931 ,48
TU 0643 ,28
TU 0282 ,40
TU 0606 ,17
TU 0791 ,13
TU 0441 ,8
TU 0463 ,42
TU 0756 ,5
TU 0319 ,15
TU 0789 ,24
TU 0246 ,2
TU 0543 ,27
TU 0881 ,8
TU 0629 ,22
TU 0756 ,33
TU 0757 ,3
TU 0791 ,34
TU 0217 ,35
TU 0397 ,40
TU 0716 ,22
TU 0725 ,9
TU 0750 ,7
TU 0216 ,15
TU 0527 ,6
TU 0399 ,8
UG 0010 ,34
TU 0399 ,14
TU 0756 ,9
TU 0718 ,12
TU 0700 ,22
TU 0642 ,14
TU 0397 ,25
UG 0010 ,36
TU 0217 ,19
TU 0554 ,42
TU 0282 ,34
TU 0202 ,4
UG 1730 ,37
TU 0745 ,19
TU 0717 ,30
TU 0543 ,41
TU 0527 ,47
TU 0374 ,24
TU 0375 ,3
TU 0613 ,11
TU 0724 ,7
UG 0011 ,7
TU 0930 ,12
TU 0463 ,5
TU 0757 ,17
TU 0894 ,29
TU 0813 ,44
TU 0399 ,14
TU 0709 ,9
TU 0814 ,28
TU 0713 ,26
TU 0217 ,12
TU 0208 ,6
TU 0788 ,44
TU 0472 ,10
TU 0789 ,48
TU 0790 ,38
TU 0701 ,28
TU 0607 ,8
TU 0723 ,24
TU 0563 ,16
UG 0010 ,25
TU 0514 ,23
TU 0752 ,41
TU 0717 ,26
TU 0757 ,2
TU 0789 ,24
TU 0628 ,24
TU 0399 ,14
TU 0629 ,20
TU 0814 ,40
TU 0217 ,49
TU 0397 ,19
TU 0714 ,48
TU 0606 ,43
TU 0751 ,9
TU 0718 ,34
TU 0717 ,45
TU 0526 ,14
TU 6496 ,35
TU 0527 ,24
TU 0713 ,14
TU 0913 ,11
TU 0399 ,44
TU 0668 ,14
TU 0374 ,31
TU 0480 ,7
TU 0711 ,20
TU 0745 ,17
TU 0473 ,11
TU 0712 ,14
TU 0543 ,15
TU 0965 ,9
TU 0880 ,25
TU 0719 ,35
TU 0722 ,14
TU 0628 ,35
TU 0515 ,16
TU 0725 ,5
TU 0712 ,32
TU 0374 ,28
TU 0282 ,21
TU 0723 ,46
TU 0724 ,7
TU 0217 ,13
TU 0203 ,26
TU 0734 ,11
TU 0744 ,30
TU 6595 ,18
TU 0790 ,9
TU 0634 ,3
TU 0440 ,34
TU 0589 ,33
TU 0635 ,18
TU 0724 ,49
TU 0913 ,20
TU 0790 ,6
TU 0716 ,22
TU 0750 ,10
TU 0788 ,33
TU 0215 ,11
TU 0903 ,14
TU 0841 ,47
TU 0841 ,1
TU 0642 ,21
TU 0613 ,45
TU 0713 ,9
TU 0397 ,24
TU 0750 ,31
TU 0607 ,4
TU 0913 ,48
TU 0996 ,24
TU 0283 ,27
TU 0751 ,18
TU 0339 ,39
TU 0717 ,45
TU 0734 ,17
TU 0719 ,12
TU 0216 ,49
TU 0723 ,11
TU 0563 ,40
TU 0217 ,19
TU 0714 ,2
TU 0606 ,11
TU 0725 ,33
TU 0756 ,12
TU 0607 ,38
TU 0745 ,32
TU 0757 ,47
TU 0789 ,17
TU 0700 ,18
TU 0850 ,16
TU 0719 ,47
TU 0791 ,22
TU 0706 ,43
TU 0724 ,16
TU 0788 ,2
TU 0718 ,29
TU 0374 ,30
TU 0282 ,11
TU 0722 ,46
TU 0216 ,32
TU 0903 ,14
TU 0681 ,31
TU 0399 ,8
TU 0473 ,33
TU 0643 ,23
TU 0374 ,26
TU 0700 ,22
TU 0589 ,29
TU 0246 ,16
TU 0903 ,5
TU 0752 ,8
TU 0931 ,44
TU 0515 ,8
TU 0215 ,45
TU 0745 ,41
TU 0526 ,31
TU 0708 ,9
TU 0813 ,1
TU 0318 ,34
TU 0709 ,11
TU 0216 ,9
TU 0930 ,46
TU 0725 ,37
TU 0756 ,36
TU 0931 ,24
TU 0723 ,48
TU 0217 ,40
TU 0744 ,44
TU 0606 ,38
TU 0251 ,49
TU 0791 ,13
TU 0374 ,28
TU 0708 ,22
TU 0441 ,39
TU 0202 ,33
TU 9068 ,16
TU 0725 ,49
TU 0717 ,49
TU 0734 ,27
TU 0251 ,31
TU 0216 ,19
TU 0209 ,1
TU 0913 ,24
TU 0217 ,22
TU 0397 ,35
TU 0711 ,17
TU 0996 ,24
TU 0437 ,16
TU 0473 ,37
TU 0717 ,29
TU 0789 ,27
TU 0856 ,17
TU 0514 ,17
TU 0628 ,22
TU 0744 ,4
TU 0701 ,5
TU 0745 ,19
TU 0894 ,23
TU 0723 ,49
TU 0724 ,27
TU 0913 ,37
TU 0930 ,37
TU 0473 ,27
TU 0718 ,26
TU 0789 ,15
TU 0790 ,28
TU 0856 ,48
TU 0514 ,36
TU 0719 ,42
TU 0441 ,18
TU 0713 ,8
TU 0913 ,28
TU 0996 ,49
TU 0750 ,33
TU 0515 ,28
TU 0789 ,17
TU 0708 ,7
TU 0542 ,6
TU 0903 ,20
TU 0756 ,20
TU 0226 ,2
TU 0757 ,6
TU 0643 ,18
TU 0724 ,1
TU 0723 ,32
TU 0745 ,24
TU 6496 ,33
TU 0709 ,49
TU 0999 ,34
TU 6497 ,35
TU 0724 ,29
TU 0714 ,41
TU 0214 ,18
TU 0716 ,10
TU 0750 ,26
TU 0463 ,28
TU 0635 ,27
TU 0374 ,14
TU 0711 ,20
TU 0716 ,41
TU 0788 ,18
TU 0634 ,43
TU 0893 ,24
TU 0745 ,8
TU 0718 ,21
TU 0757 ,18
TU 0282 ,24
TU 0928 ,1
TU 6018 ,17
TU 0996 ,16
TU 0750 ,11
TU 0788 ,28
TU 0374 ,4
TU 0790 ,16
TU 0634 ,43
TU 0440 ,35
TU 0705 ,29
TU 0589 ,39
TU 0723 ,4
TU 0750 ,21
TU 0717 ,45
TU 0930 ,38
TU 0752 ,15
TU 0701 ,17
TU 0757 ,10
TU 0791 ,31
UG 0010 ,33
UG 0010 ,34
TU 6498 ,2
TU 0996 ,28
TU 6499 ,46
TU 0721 ,21
TU 0790 ,22
TU 0744 ,37
TU 0788 ,30
TU 0712 ,15
TU 0757 ,27
TU 0708 ,42
TU 0251 ,13
TU 0711 ,31
TU 0930 ,39
TU 0282 ,38
TU 0788 ,8
TU 0745 ,25
TU 0757 ,44
TU 0880 ,5
TU 0217 ,37
UG 0030 ,44
UG 0031 ,9
TU 0462 ,15
TU 0711 ,7
TU 0996 ,28
TU 0752 ,31
TU 0463 ,12
TU 0931 ,33
TU 0718 ,44
TU 0250 ,19
TU 0719 ,24
TU 0283 ,41
TU 0929 ,48
TU 0735 ,17
TU 0745 ,22
TU 0718 ,14
TU 0753 ,10
TU 0717 ,12
TU 0339 ,28
TU 0790 ,35
TU 0611 ,26
TU 0668 ,11
TU 0701 ,35
TU 0721 ,35
TU 0847 ,31
TU 0711 ,3
TU 0790 ,7
TU 0514 ,48
TU 0716 ,2
TU 0725 ,5
TU 0788 ,15
TU 0997 ,10
TU 0757 ,4
TU 0542 ,3
TU 0880 ,6
TU 0813 ,26
TU 0251 ,41
TU 0318 ,33
TU 0629 ,48
TU 0714 ,28
TU 0711 ,31
TU 0930 ,10
TU 0701 ,20
TU 0753 ,1
TU 0718 ,24
TU 0375 ,14
TU 0724 ,5
TU 0745 ,7
TU 0202 ,26
TU 0722 ,18
TU 0723 ,10
TU 0250 ,49
TU 0700 ,46
TU 0734 ,22
TU 0724 ,5
TU 0397 ,4
TU 0606 ,39
TU 0752 ,44
TU 0682 ,45
TU 0931 ,48
TU 0473 ,24
TU 0848 ,22
TU 0527 ,24
TU 0374 ,21
TU 0721 ,32
TU 0713 ,11
TU 0913 ,45
TU 0745 ,34
TU 0374 ,37
TU 2602 ,9
TU 0634 ,43
TU 0722 ,37
TU 0724 ,33
TU 0753 ,27
TU 0717 ,31
TU 0683 ,42
TU 0610 ,12
TU 0701 ,48
TU 0713 ,28
TU 0790 ,49
TU 0716 ,49
TU 0996 ,37
TU 0752 ,33
TU 0931 ,39
TU 0751 ,32
TU 0526 ,6
TU 0606 ,29
TU 0744 ,8
TU 0700 ,10
TU 0996 ,37
TU 0751 ,27
TU 0717 ,48
TU 0216 ,23
TU 0903 ,16
TU 0721 ,26
TU 0791 ,45
TU 6007 ,16
TU 0514 ,18
TU 0716 ,8
TU 0717 ,12
TU 0718 ,2
TU 0720 ,2
TU 0542 ,1
TU 0721 ,19
TU 0527 ,43
TU 6009 ,2
TU 0813 ,36
TU 0790 ,16
TU 0716 ,32
TU 0282 ,32
TU 0215 ,3
TU 0635 ,23
TU 0339 ,41
TU 0718 ,4
TU 0669 ,5
TU 0515 ,43
TU 0713 ,46
TU 0913 ,10
TU 0397 ,9
TU 0542 ,41
TU 0931 ,47
TU 0283 ,15
TU 0473 ,8
TU 0543 ,29
TU 0790 ,43
TU 0375 ,14
TU 0613 ,29
TU 0540 ,48
TU 0744 ,13
TU 0930 ,11
TU 0541 ,7
TU 0215 ,44
TU 0745 ,26
TU 0718 ,36
TU 0789 ,25
TU 0720 ,28
TU 0851 ,13
TU 0216 ,6
TU 0723 ,22
TU 0208 ,15
TU 0472 ,24
TU 0750 ,36
TU 0209 ,10
TU 0717 ,42
TU 0852 ,45
TU 0720 ,35
TU 0719 ,32
TU 0724 ,46
TU 0634 ,27
TU 0996 ,10
TU 0752 ,36
TU 0338 ,32
TU 0712 ,4
TU 0902 ,4
TU 0813 ,25
TU 0629 ,39
TU 0723 ,24
UG 0011 ,48
TU 0642 ,19
TU 0700 ,17
TU 0996 ,13
TU 0753 ,47
TU 0717 ,34
TU 0814 ,20
TU 0722 ,12
TU 0724 ,42
TU 0997 ,25
TU 0440 ,5
TU 0526 ,18
UG 0008 ,17
UG 0009 ,27
UG 0011 ,42
TU 0282 ,15
TU 0996 ,12
TU 0997 ,41
TU 0718 ,22
TU 0856 ,45
TU 0722 ,5
TU 0480 ,12
TU 0589 ,31
TU 0723 ,19
TU 0543 ,20
TU 0789 ,35
TU 0791 ,5
TU 0719 ,49
TU 0903 ,15
TU 0721 ,33
TU 0635 ,44
TU 0723 ,39
TU 0681 ,31
TU 0485 ,23
TU 6017 ,39
TU 0847 ,20
TU 0996 ,32
TU 0472 ,20
TU 0718 ,45
TU 0757 ,30
TU 0848 ,32
TU 0374 ,32
TU 0902 ,9
TU 0514 ,5
TU 0705 ,19
TU 0246 ,41
TU 0713 ,49
TU 0723 ,45
TU 0753 ,10
TU 0757 ,9
TU 0526 ,28
TU 0722 ,43
TU 0527 ,41
TU 0713 ,4
TU 0716 ,17
TU 0226 ,40
TU 0788 ,23
TU 0931 ,4
TU 6006 ,38
TU 0472 ,13
TU 0719 ,22
TU 0709 ,1
TU 0813 ,43
TU 0930 ,36
TU 0931 ,20
TU 0745 ,32
TU 0374 ,10
TU 0610 ,22
TU 0719 ,23
TU 0440 ,34
TU 0847 ,24
TU 0752 ,19
TU 0931 ,15
TU 0718 ,10
TU 0848 ,4
TU 0850 ,41
TU 0851 ,9
TU 0629 ,41
TU 0788 ,36
TU 0997 ,35
TU 0708 ,27
TU 0400 ,18
TU 6013 ,20
TU 0375 ,37
TU 0635 ,37
TU 0723 ,34
TU 0847 ,11
TU 0725 ,46
TU 6016 ,16
TU 0282 ,8
TU 0705 ,30
TU 0246 ,3
TU 0721 ,23
TU 0635 ,7
TU 0706 ,23
TU 0724 ,35
TU 0723 ,35
TU 0714 ,21
TU 0397 ,19
TU 0750 ,37
TU 0725 ,47
TU 0997 ,10
TU 0606 ,20
TU 0628 ,11
TU 0813 ,9
TU 0648 ,20
TU 1759 ,13
TU 0881 ,30
TU 0629 ,4
TU 0913 ,14
TU 0711 ,32
TU 0643 ,24
TU 0374 ,7
TU 0613 ,5
TU 0722 ,36
TU 0903 ,36
TU 0712 ,12
TU 0718 ,33
TU 0542 ,43
TU 0217 ,19
TU 0745 ,15
TU 0718 ,3
TU 0856 ,20
TU 0857 ,19
TU 0724 ,44
TU 0716 ,34
TU 0374 ,18
TU 0851 ,35
TU 0813 ,5
TU 0216 ,33
TU 0723 ,3
TU 0203 ,47
TU 0401 ,11
TU 6018 ,47
TU 6016 ,21
TU 0642 ,2
TU 0996 ,38
TU 0756 ,13
TU 0695 ,44
TU 6595 ,27
TU 0745 ,34
TU 0209 ,2
TU 0789 ,23
TU 0852 ,5
TU 0719 ,2
TU 0723 ,46
TU 0724 ,39
TU 0397 ,34
TU 0515 ,10
TU 0813 ,3
TU 0543 ,34
TU 0714 ,20
TU 0399 ,17
TU 0613 ,49
TU 0913 ,23
TU 0397 ,6
TU 0714 ,25
TU 0711 ,30
TU 0606 ,34
TU 0712 ,6
TU 0374 ,23
TU 0713 ,1
UG 0011 ,22
TU 0716 ,4
TU 0750 ,18
TU 0283 ,29
TU 0751 ,11
TU 9097 ,3
TU 0841 ,1
TU 0208 ,47
TU 0375 ,46
TU 0735 ,12
TU 0724 ,36
TU 0913 ,20
TU 0542 ,47
TU 0441 ,1
TU 0712 ,16
TU 3374 ,5
TU 0217 ,37
TU 0700 ,28
TU 0788 ,29
TU 0997 ,20
TU 0250 ,24
TU 0790 ,34
TU 0282 ,7
TU 0813 ,43
TU 0375 ,14
TU 0216 ,42
TU 0283 ,4
TU 6015 ,29
TU 0711 ,34
TU 0208 ,25
TU 0725 ,5
TU 0472 ,4
TU 0718 ,1
TU 0717 ,17
TU 0790 ,6
TU 0701 ,48
TU 0635 ,49
TU 0607 ,33
TU 0725 ,23
TU 0750 ,24
TU 0539 ,13
TU 0250 ,45
TU 0881 ,30
TU 0713 ,1
TU 0813 ,43
TU 0700 ,4
TU 0931 ,10
TU 0635 ,2
TU 0227 ,19
TU 0607 ,4
TU 0473 ,34
TU 0441 ,20
UG 1300 ,41
TU 0217 ,28
TU 0613 ,31
TU 0790 ,45
TU 0750 ,36
TU 0250 ,41
TU 0700 ,3
TU 0610 ,14
TU 0902 ,13
TU 0719 ,46
TU 0722 ,17
TU 0701 ,36
TU 0903 ,7
TU 0563 ,46
TU 0723 ,17
TU 0606 ,18
TU 0542 ,39
TU 0472 ,15
TU 0725 ,43
TU 0202 ,26
TU 0283 ,46
TU 0607 ,28
TU 0543 ,15
TU 0757 ,43
TU 0527 ,15
TU 0722 ,37
TU 0851 ,45
TU 0724 ,46
TU 0996 ,37
TU 0750 ,42
TU 0931 ,20
TU 0751 ,47
TU 0718 ,47
TU 0602 ,12
TU 0709 ,38
TU 0283 ,4
TU 0895 ,2
TU 0217 ,6
TU 0203 ,5
TU 0930 ,25
TU 0788 ,25
TU 0997 ,8
TU 0752 ,39
TU 0339 ,32
TU 0734 ,41
TU 0720 ,44
TU 0856 ,48
TU 0440 ,39
TU 0701 ,19
TU 0903 ,18
TU 0441 ,3
TU 0397 ,36
TU 0514 ,3
TU 0756 ,8
TU 0437 ,13
TU 0215 ,25
TU 0701 ,40
TU 0635 ,36
TU 0339 ,4
TU 0880 ,12
TU 0902 ,25
TU 0881 ,30
TU 0607 ,4
TU 0744 ,8
TU 0996 ,45
TU 0635 ,27
TU 0745 ,25
TU 0790 ,21
TU 0712 ,13
TU 0374 ,36
TU 6496 ,44
TU 0722 ,21
TU 6009 ,10
TU 0714 ,2
TU 0813 ,35
TU 0744 ,10
TU 0790 ,43
TU 0750 ,46
TU 0338 ,21
TU 0997 ,19
TU 0635 ,6
TU 0712 ,45
TU 0717 ,18
TU 0789 ,5
TU 0719 ,1
TU 0208 ,48
TU 0716 ,5
TU 0847 ,8
TU 0997 ,37
TU 0789 ,47
TU 0721 ,27
TU 0711 ,11
TU 0893 ,10
TU 0751 ,25
TU 0251 ,15
TU 0375 ,19
TU 0722 ,23
TU 0694 ,17
TU 0788 ,18
TU 0997 ,26
TU 0473 ,44
TU 0717 ,16
TU 0790 ,44
TU 0998 ,22
TU 0397 ,36
TU 0669 ,28
TU 0744 ,37
TU 0514 ,33
TU 0463 ,17
TU 1759 ,20
TU 0745 ,27
TU 0436 ,6
TU 0902 ,13
TU 0283 ,19
TU 0814 ,36
TU 0607 ,8
TU 0399 ,12
TU 0788 ,14
TU 0997 ,24
TU 0712 ,40
TU 0718 ,46
TU 0397 ,46
TU 0397 ,41
TU 0930 ,45
TU 0996 ,33
TU 0725 ,19
TU 6499 ,39
TU 0720 ,13
TU 0543 ,47
TU 0996 ,44
TU 0708 ,38
TU 0734 ,14
TU 0716 ,37
TU 0282 ,21
TU 0996 ,9
TU 0725 ,18
TU 0931 ,21
TU 0712 ,15
TU 0714 ,13
TU 0399 ,31
TU 0752 ,12
TU 0338 ,1
TU 0718 ,30
TU 0250 ,22
TU 0928 ,35
TU 0603 ,14
TU 0203 ,23
TU 0714 ,22
TU 0756 ,5
UG 1300 ,8
TU 0931 ,6
TU 0753 ,4
TU 0683 ,13
TU 0700 ,23
TU 0611 ,32
TU 0719 ,37
TU 0634 ,29
TU 0538 ,19
TU 0744 ,26
TU 0750 ,38
TU 0338 ,11
TU 0931 ,9
TU 0635 ,7
TU 0791 ,28
TU 0527 ,30
TU 0713 ,10
TU 0700 ,18
TU 0930 ,14
TU 0712 ,21
TU 0789 ,28
TU 0375 ,31
TU 0903 ,1
TU 0930 ,45
TU 0931 ,19
TU 0527 ,10
TU 0217 ,34
TU 0725 ,12
TU 0695 ,7
TU 0751 ,31
TU 0734 ,14
TU 0397 ,13
TU 0701 ,28
TU 0209 ,21
TU 0397 ,44
TU 0606 ,16
TU 0930 ,49
TU 0555 ,25
TU 0712 ,41
TU 0753 ,19
TU 0634 ,17
TU 0930 ,20
TU 0718 ,12
TU 0720 ,29
TU 0721 ,25
TU 0895 ,29
TU 0208 ,20
TU 0745 ,29
TU 0718 ,24
TU 0643 ,7
TU 0998 ,10
TU 0903 ,24
TU 0515 ,27
TU 0214 ,27
TU 0996 ,28
TU 0725 ,32
TU 0635 ,9
TU 0751 ,12
TU 0539 ,30
TU 0526 ,38
TU 0880 ,34
TU 0628 ,7
TU 0399 ,27
TU 0700 ,25
TU 0996 ,45
TU 0997 ,30
TU 0635 ,40
TU 0701 ,9
TU 0602 ,18
TU 0903 ,40
TU 0847 ,36
TU 0744 ,19
TU 0725 ,20
TU 0515 ,26
TU 0527 ,37
TU 0790 ,44
TU 0997 ,35
TU 0791 ,34
TU 0841 ,1
TU 0208 ,7
TU 0722 ,42
TU 6830 ,21
TU 0745 ,24
TU 0705 ,42
TU 0913 ,28
TU 0214 ,20
TU 0711 ,35
TU 0399 ,21
TU 0752 ,1
TU 0515 ,30
TU 0634 ,43
TU 0750 ,7
TU 0997 ,36
TU 0789 ,34
TU 0790 ,14
TU 0669 ,2
TU 0462 ,44
TU 0514 ,42
TU 0996 ,35
TU 0756 ,12
TU 0931 ,41
TU 0997 ,27
TU 0374 ,15
TU 0251 ,12
TU 5517 ,4
TU 0399 ,28
TU 0642 ,26
TU 0930 ,34
TU 0996 ,9
TU 0712 ,20
TU 0613 ,32
TU 0719 ,20
TU 6006 ,35
TU 6006 ,44
TU 0752 ,49
TU 0708 ,7
TU 0714 ,11
TU 0463 ,40
TU 0215 ,36
TU 0814 ,23
TU 0789 ,26
TU 0217 ,29
TU 0282 ,31
TU 0472 ,15
TU 0283 ,17
TU 0964 ,22
TU 0527 ,16
TU 9002 ,34
TU 0965 ,47
TU 0540 ,23
TU 0462 ,4
TU 0214 ,23
TU 0893 ,10
TU 0215 ,7
TU 0751 ,23
TU 0480 ,31
TU 0847 ,23
TU 0208 ,43
TU 0744 ,18
TU 0441 ,17
TU 0751 ,5
TU 0719 ,45
TU 0790 ,5
TU 0607 ,37
TU 0716 ,31
TU 0734 ,7
TU 0375 ,40
TU 0725 ,42
TU 0996 ,32
TU 0752 ,38
TU 0791 ,8
TU 0735 ,10
TU 0542 ,20
TU 0711 ,5
TU 0931 ,23
TU 0753 ,27
TU 6541 ,34
TU 0401 ,19
TU 9063 ,39
TU 0480 ,23
TU 0790 ,48
TU 0813 ,37
TU 0711 ,3
TU 0717 ,48
TU 5515 ,6
TU 0399 ,9
TU 0554 ,18
TU 0526 ,26
TU 0931 ,39
TU 0527 ,16
TU 0473 ,20
TU 0751 ,42
TU 0999 ,40
TU 0717 ,45
TU 0339 ,8
TU 0250 ,23
TU 0724 ,8
TU 0208 ,40
TU 0472 ,3
TU 0441 ,27
TU 0683 ,17
TU 0473 ,5
TU 0694 ,20
TU 0850 ,38
TU 0929 ,6
TU 5511 ,26
TU 0725 ,17
TU 0711 ,18
TU 0931 ,49
TU 0717 ,42
TU 0751 ,17
TU 0788 ,35
TU 0931 ,20
TU 0628 ,31
TU 0613 ,40
TU 0216 ,43
TU 0999 ,16
TU 0744 ,34
TU 0717 ,34
TU 0745 ,9
TU 0734 ,2
TU 0606 ,46
TU 0790 ,18
TU 0339 ,10
TU 0791 ,22
TU 0753 ,1
TU 0708 ,34
TU 0374 ,11
TU 0610 ,44
TU 0709 ,7
TU 0611 ,40
TU 0996 ,32
TU 0756 ,37
TU 0635 ,11
TU 0629 ,37
TU 0848 ,46
TU 0720 ,26
TU 0791 ,12
TU 0735 ,12
TU 0607 ,29
TU 0397 ,26
TU 0914 ,24
TU 0603 ,37
TU 0718 ,25
TU 0215 ,45
TU 0708 ,32
TU 0735 ,18
TU 0480 ,21
TU 0628 ,13
TU 0717 ,4
TU 0209 ,37
TU 0721 ,3
TU 0716 ,19
TU 0744 ,48
TU 0756 ,41
TU 0722 ,12
TU 0375 ,17
TU 0399 ,1
TU 0724 ,21
TU 0642 ,47
TU 0789 ,16
TU 0603 ,32
TU 0790 ,15
TU 0734 ,4
TU 0850 ,10
TU 0930 ,3
TU 0788 ,30
TU 0543 ,17
TU 0440 ,5
TU 0607 ,36
TU 0724 ,40
TU 0716 ,27
TU 0930 ,45
TU 0996 ,36
TU 0463 ,25
TU 0440 ,30
TU 0745 ,7
TU 0700 ,40
TU 0251 ,37
TU 0526 ,36
TU 0750 ,32
TU 0718 ,2
TU 0753 ,24
TU 0515 ,18
TU 0700 ,15
TU 0721 ,14
TU 0497 ,27
TU 0706 ,16
TU 0725 ,1
TU 0700 ,23
TU 0215 ,21
TU 0902 ,49
TU 0790 ,18
TU 0375 ,48
TU 0783 ,39
TU 0725 ,6
TU 0716 ,30
TU 0847 ,13
TU 0441 ,43
TU 0481 ,25
TU 0374 ,4
TU 0721 ,28
TU 0724 ,4
TU 0914 ,7
TU 0930 ,16
TU 0711 ,34
TU 0635 ,41
TU 0515 ,35
TU 0708 ,34
TU 0319 ,4
TU 0713 ,17
TU 0397 ,38
TU 6005 ,45
TU 5774 ,38
TU 0463 ,41
TU 0472 ,38
TU 0717 ,13
TU 0374 ,45
TU 0606 ,24
TU 0441 ,49
TU 0709 ,38
TU 0724 ,7
TU 0713 ,34
TU 0217 ,3
TU 0338 ,9
TU 0752 ,34
TU 0902 ,46
TU 0283 ,18
TU 0734 ,29
TU 0903 ,11
TU 0998 ,5
TU 0611 ,48
TU 0724 ,2
TU 0563 ,24
TU 0714 ,27
TU 0526 ,3
TU 0847 ,21
TU 0542 ,11
TU 0856 ,21
TU 0606 ,19
TU 0851 ,28
TU 0791 ,22
TU 0713 ,5
TU 0526 ,25
TU 0541 ,25
TU 0527 ,12
TU 7036 ,8
TU 0850 ,49
TU 0914 ,41
TU 0682 ,21
TU 0847 ,3
TU 0711 ,4
TU 0683 ,27
TU 0629 ,49
TU 0339 ,5
TU 0703 ,44
TU 0723 ,5
TU 0397 ,45
TU 0789 ,49
TU 0399 ,43
TU 0247 ,42
TU 0319 ,4
TU 0634 ,3
TU 0695 ,47
TU 0997 ,35
TU 0643 ,35
TU 0603 ,32
TU 0613 ,31
TU 0397 ,38
TU 6553 ,42
TU 2716 ,41
TU 0752 ,36
TU 0712 ,17
TU 0902 ,21
TU 0473 ,38
TU 0903 ,27
TU 0857 ,16
TU 0724 ,8
TU 0711 ,22
TU 0215 ,19
TU 0997 ,15
TU 0789 ,30
TU 0998 ,45
TU 0709 ,9
TU 0847 ,41
TU 0282 ,46
TU 0752 ,7
TU 0718 ,13
TU 0881 ,18
TU 0745 ,15
TU 0789 ,48
TU 0720 ,39
TU 0998 ,48
TU 0603 ,4
TU 0745 ,18
TU 0527 ,22
TU 0215 ,24
TU 0712 ,7
TU 0751 ,31
TU 0734 ,48
TU 0318 ,17
TU 0375 ,22
TU 0480 ,48
TU 0634 ,7
TU 0725 ,49
TU 0744 ,44
TU 0208 ,8
TU 0282 ,38
TU 0856 ,25
TU 0705 ,31
TU 0996 ,5
TU 0635 ,13
TU 0789 ,9
TU 0903 ,10
TU 0251 ,28
TU 0399 ,16
TU 0634 ,46
TU 0756 ,41
TU 0717 ,11
TU 0789 ,27
TU 0757 ,1
TU 0635 ,26
TU 6553 ,13
TU 0629 ,32
TU 0723 ,2
TU 0634 ,4
TU 0788 ,48
TU 0669 ,24
TU 6141 ,16
TU 0202 ,12
TU 6499 ,33
TU 0756 ,27
TU 0744 ,49
TU 0283 ,42
TU 0914 ,12
TU 0930 ,16
TU 0514 ,41
TU 0527 ,40
TU 0515 ,47
TU 0719 ,27
TU 4600 ,16
TU 0613 ,25
TU 0526 ,5
TU 0669 ,34
TU 0997 ,5
TU 0215 ,41
TU 0527 ,46
TU 0708 ,4
TU 0251 ,10
TU 0646 ,1
TU 0610 ,27
TU 0998 ,32
TU 0318 ,22
TU 7037 ,16
TU 0208 ,35
TU 0788 ,14
TU 0635 ,45
TU 0997 ,8
TU 6290 ,16
TU 9035 ,45
TU 6592 ,43
TU 0463 ,34
TU 0375 ,22
TU 8630 ,29
TU 0397 ,24
TU 0914 ,22
TU 4013 ,45
TU 0462 ,26
TU 0542 ,13
TU 0700 ,25
TU 0752 ,37
TU 0753 ,46
TU 0701 ,2
TU 0997 ,42
TU 6648 ,41
TU 0374 ,43
TU 0589 ,41
TU 0527 ,36
TU 0635 ,17
TU 0929 ,46
TU 0526 ,6
TU 0635 ,25
TU 0745 ,41
TU 0789 ,13
UG 0008 ,6
TU 0251 ,17
TU 0203 ,12
TU 0752 ,36
TU 0708 ,14
TU 0251 ,8
TU 0851 ,46
TU 0680 ,14
TU 0713 ,49
TU 0930 ,21
TU 0283 ,33
TU 0848 ,4
TU 0719 ,33
TU 0853 ,1
TU 0721 ,33
TU 0607 ,8
TU 0540 ,34
TU 0752 ,9
TU 0756 ,15
TU 0635 ,23
TU 0753 ,41
TU 0718 ,30
TU 0527 ,36
TU 0250 ,11
TU 0318 ,27
TU 0319 ,15
TU 0400 ,26
TU 0682 ,12
TU 0725 ,25
TU 0930 ,26
TU 0481 ,40
TU 0338 ,1
TU 0997 ,9
TU 0606 ,28
TU 7452 ,33
TU 7045 ,47
TU 0462 ,23
TU 0463 ,1
TU 0902 ,25
TU 0441 ,31
TU 0723 ,6
TU 0714 ,38
TU 0930 ,21
TU 0712 ,19
TU 0603 ,41
TU 0397 ,38
TU 0375 ,22
TU 0716 ,3
TU 0720 ,18
TU 0708 ,1
TU 0613 ,36
TU 0441 ,49
TU 0203 ,19
TU 0756 ,17
TU 0757 ,4
TU 0283 ,3
TU 0250 ,10
TU 0610 ,25
TU 0251 ,18
TU 0611 ,2
TU 5523 ,39
TU 0399 ,42
TU 6550 ,13
TU 0756 ,31
TU 0881 ,3
TU 0790 ,25
TU 0999 ,6
TU 0496 ,19
TU 0723 ,8
TU 0716 ,26
TU 0744 ,25
TU 0526 ,12
TU 0202 ,45
TU 0850 ,15
TU 7384 ,18
TU 8302 ,47
TU 0485 ,6
TU 5774 ,18
TU 0814 ,1
TU 6016 ,30
TU 0682 ,34
TU 0788 ,29
TU 0750 ,18
TU 8613 ,36
TU 0209 ,1
TU 6290 ,29
TU 0374 ,34
TU 0928 ,7
TU 0711 ,39
TU 0606 ,15
TU 0713 ,11
TU 9001 ,26
TU 0226 ,33
TU 0790 ,33
TU 0613 ,2
TU 0514 ,25
TU 0708 ,36
TU 0874 ,33
TU 0401 ,43
TU 0875 ,33
TU 0724 ,13
TU 0913 ,8
TU 0931 ,19
TU 0635 ,40
TU 0753 ,11
TU 0712 ,40
TU 0720 ,6
TU 0723 ,26
TU 0847 ,47
TU 0555 ,26
TU 0717 ,48
TU 0720 ,15
TU 0745 ,43
TU 0734 ,13
TU 0722 ,45
TU 0216 ,32
TU 0714 ,15
TU 6552 ,15
TU 0526 ,36
TU 0931 ,45
TU 0875 ,45
TU 0752 ,3
TU 0722 ,39
TU 0603 ,44
TU 0723 ,41
TU 0628 ,42
TU 0282 ,5
TU 4283 ,46
TU 0635 ,37
TU 0790 ,3
TU 0913 ,4
TU 8601 ,22
TU 0214 ,23
TU 0283 ,19
TU 0246 ,6
TU 0930 ,32
TU 0642 ,10
TU 0744 ,40
TU 0602 ,20
TU 0913 ,7
TU 5774 ,21
TU 0930 ,37
TU 0744 ,4
TU 0721 ,35
TU 0724 ,36
TU 0338 ,30
TU 0902 ,37
TU 0208 ,8
TU 0711 ,8
TU 0555 ,35
TU 0745 ,8
TU 0473 ,1
TU 0998 ,29
TU 0247 ,28
TU 0851 ,49
TU 6152 ,32
TU 0497 ,34
TU 0713 ,49
TU 8291 ,13
TU 0716 ,31
TU 0744 ,33
TU 0526 ,40
TU 0215 ,46
TU 0683 ,31
TU 0473 ,19
TU 0734 ,14
TU 0606 ,27
TU 0216 ,32
TU 0721 ,48
TU 4381 ,20
TU 8601 ,30
TU 0634 ,26
TU 0542 ,17
TU 0555 ,2
TU 0635 ,45
TU 0543 ,2
TU 0790 ,24
TU 0721 ,34
TU 0607 ,27
TU 0607 ,48
TU 0790 ,16
TU 0722 ,5
TU 0701 ,4
TU 0791 ,10
TU 0751 ,47
TU 0515 ,33
TU 0713 ,4
TU 0214 ,22
TU 0753 ,19
TU 0695 ,2
TU 0283 ,7
TU 0399 ,34
TU 0209 ,1
TU 0399 ,38
TU 0527 ,34
TU 0753 ,32
TU 0789 ,10
UG 1300 ,35
TU 0542 ,43
TU 0247 ,44
TU 0791 ,20
TU 0397 ,3
TU 0788 ,8
TU 7085 ,13
TU 0669 ,3
TU 0202 ,28
TU 0318 ,25
TU 0647 ,1
TU 0440 ,43
TU 0718 ,20
TU 9013 ,7
TU 0852 ,4
TU 0606 ,35
TU 2018 ,22
TU 0853 ,11
TU 0857 ,12
TU 0716 ,29
TU 0722 ,11
TU 0709 ,8
TU 0680 ,21
TU 0735 ,18
TU 0281 ,36
TU 0782 ,10
TU 0711 ,23
TU 0814 ,17
TU 0902 ,39
TU 0903 ,46
TU 0791 ,4
TU 0847 ,42
TU 0848 ,32
TU 0282 ,20
TU 0713 ,23
TU 0339 ,10
TU 0789 ,19
TU 0250 ,42
TU 0709 ,39
TU 0721 ,40
TU 0643 ,18
TU 5523 ,25
TU 0589 ,3
TU 0714 ,23
TU 0996 ,18
TU 0852 ,36
TU 0496 ,30
TU 0851 ,12
TU 0791 ,35
TU 0217 ,30
TU 0397 ,19
TU 0788 ,25
TU 0996 ,5
TU 0931 ,32
TU 0875 ,22
TU 0215 ,12
TU 0527 ,46
TU 0789 ,16
TU 0856 ,41
TU 0318 ,18
TU 5773 ,24
TU 0603 ,19
TU 6013 ,43
TU 0744 ,35
TU 0282 ,36
TU 0441 ,40
TU 0931 ,31
TU 0789 ,19
TU 0902 ,49
TU 0714 ,32
TU 4700 ,24
TU 0634 ,48
TU 0542 ,6
TU 6648 ,2
TU 0708 ,12
TU 0251 ,32
TU 0399 ,29
TU 0716 ,24
TU 0930 ,11
TU 0813 ,35
TU 6595 ,3
TU 0931 ,5
TU 0227 ,6
TU 0717 ,45
TU 0695 ,34
TU 0209 ,15
TU 0997 ,42
TU 0789 ,10
TU 0757 ,44
TU 0753 ,12
TU 6119 ,9
TU 0701 ,33
TU 0611 ,17
TU 6147 ,16
TU 0723 ,19
TU 0724 ,38
TU 0397 ,31
TU 0397 ,20
TU 0472 ,6
TU 0753 ,10
TU 0701 ,29
TU 0526 ,19
TU 0440 ,31
TU 8956 ,7
TU 0998 ,7
TU 0441 ,6
TU 0527 ,16
TU 0515 ,26
TU 0251 ,37
TU 0999 ,23
TU 6023 ,32
TU 0996 ,28
TU 0752 ,26
TU 0931 ,37
TU 0791 ,36
TU 7035 ,25
TU 0757 ,38
TU 0745 ,44
TU 0724 ,16
TU 0399 ,27
TU 0635 ,31
TU 0734 ,28
TU 7255 ,30
TU 0721 ,14
TU 0713 ,36
TU 0634 ,11
TU 0646 ,47
TU 4750 ,4
TU 7384 ,30
TU 0721 ,23
TU 8303 ,21
TU 0847 ,14
TU 8613 ,32
TU 0209 ,1
TU 0851 ,2
TU 0713 ,21
TU 9081 ,9
TU 0716 ,32
TU 0701 ,21
TU 0441 ,21
TU 7092 ,31
TU 0725 ,44
TU 0635 ,49
TU 0814 ,28
TU 0998 ,2
TU 0375 ,33
TU 0262 ,12
TU 0397 ,43
TU 7042 ,41
TU 6345 ,8
TU 0319 ,31
TU 0203 ,25
TU 0996 ,13
TU 7035 ,39
TU 0251 ,46
TU 0680 ,23
TU 7133 ,14
TU 0555 ,15
TU 0539 ,17
TU 0649 ,21
TU 6152 ,23
TU 0441 ,41
TU 0724 ,23
TU 0203 ,5
TU 9000 ,21
TU 0725 ,16
TU 0635 ,8
TU 0484 ,41
TU 0902 ,7
TU 0856 ,35
TU 0441 ,21
TU 0485 ,16
TU 0724 ,20
TU 0401 ,38
TU 0716 ,23
TU 0744 ,26
TU 8613 ,29
TU 0338 ,23
TU 0209 ,15
TU 0695 ,39
TU 8535 ,46
TU 6593 ,5
TU 0217 ,2
TU 0397 ,36
TU 4700 ,4
TU 0214 ,44
TU 0215 ,15
TU 0701 ,27
TU 0757 ,19
TU 0251 ,16
TU 2006 ,1
TU 0996 ,48
TU 0997 ,42
TU 0753 ,18
TU 0757 ,29
TU 7080 ,31
TU 0723 ,42
TU 0928 ,9
TU 0997 ,38
TU 7043 ,37
TU 0701 ,47
TU 0719 ,40
TU 0856 ,27
TU 0606 ,27
TU 0857 ,29
TU 0634 ,5
TU 0788 ,38
TU 0996 ,31
TU 0752 ,8
TU 0282 ,40
TU 0708 ,31
TU 0903 ,4
TU 0683 ,22
TU 0629 ,3
TU 0606 ,9
TU 0853 ,22
TU 0375 ,36
TU 0589 ,44
TU 0272 ,3
TU 0724 ,30
TU 7245 ,4
TU 6153 ,36
TU 0540 ,35
TU 0788 ,39
TU 0756 ,47
TU 0202 ,49
TU 0339 ,49
TU 0712 ,18
TU 0757 ,1
TU 0719 ,10
TU 0857 ,28
TU 0217 ,16
TU 8224 ,14
TU 0930 ,23
TU 0847 ,25
TU 0996 ,21
TU 0441 ,23
TU 8225 ,20
TU 0756 ,24
TU 6122 ,31
TU 0588 ,48
TU 0902 ,21
TU 0757 ,26
TU 0217 ,4
TU 0744 ,6
TU 0711 ,25
TU 0788 ,20
TU 0700 ,40
TU 2008 ,11
TU 7230 ,4
TU 0441 ,6
TU 0853 ,15
TU 0999 ,35
TU 6539 ,29
TU 6125 ,30
TU 0694 ,21
TU 0514 ,26
TU 0783 ,49
TU 0814 ,27
TU 0515 ,17
TU 0745 ,47
TU 0628 ,15
TU 6111 ,2
TU 6553 ,24
TU 0283 ,40
TU 7080 ,13
TU 0847 ,39
TU 0462 ,10
TU 0214 ,10
TU 7041 ,16
TU 6498 ,33
TU 8956 ,35
TU 6499 ,23
TU 0857 ,42
TU 2901 ,47
TU 0930 ,48
TU 0711 ,27
TU 0788 ,30
TU 0744 ,10
TU 0515 ,17
TU 0250 ,45
TU 0708 ,29
TU 0251 ,24
TU 0724 ,28
TU 0929 ,25
TU 0399 ,40
TU 0714 ,19
TU 7248 ,40
TU 0711 ,35
TU 0283 ,13
TU 0701 ,49
TU 0203 ,41
TU 0602 ,38
TU 0700 ,37
TU 0595 ,40
TU 0339 ,7
TU 0751 ,22
TU 0399 ,35
TU 0401 ,42
TU 0400 ,49
TU 4282 ,22
TU 0441 ,40
TU 0635 ,27
TU 6122 ,20
TU 6593 ,32
TU 0725 ,40
TU 0202 ,48
TU 0997 ,13
TU 0848 ,37
TU 7230 ,39
TU 0226 ,1
TU 0930 ,32
TU 0208 ,38
TU 0752 ,29
TU 0718 ,49
TU 0695 ,30
TU 0814 ,9
TU 0643 ,14
TU 0722 ,2
TU 6111 ,9
TU 6146 ,35
TU 0724 ,36
TU 0706 ,45
TU 0711 ,37
TU 0931 ,10
TU 0463 ,17
TU 0997 ,30
TU 6498 ,46
TU 6344 ,29
TU 0283 ,29
TU 6499 ,10
TU 0875 ,27
TU 0735 ,32
TU 0930 ,14
TU 0514 ,32
TU 0744 ,17
TU 0850 ,16
TU 0853 ,17
TU 0721 ,13
TU 0851 ,5
TU 0260 ,22
TU 0716 ,36
TU 7133 ,43
TU 0788 ,37
TU 0756 ,28
TU 6551 ,8
TU 0635 ,33
TU 0719 ,34
TU 7255 ,39
TU 0214 ,8
TU 0996 ,21
TU 0756 ,38
TU 0463 ,42
TU 0669 ,32
TU 6553 ,20
TU 0541 ,49
TU 0753 ,34
TU 0484 ,13
TU 0856 ,23
TU 0847 ,3
TU 0208 ,37
TU 0338 ,42
TU 0752 ,44
TU 0931 ,22
UG 1300 ,2
TU 6290 ,20
TU 0856 ,34
TU 6291 ,5
TU 0998 ,29
TU 6593 ,17
TU 7045 ,15
TU 2002 ,13
TU 0542 ,21
TU 0711 ,45
TU 0750 ,48
TU 0718 ,10
TU 0635 ,33
TU 0848 ,14
TU 0722 ,33
TU 0216 ,2
TU 0853 ,15
TU 0928 ,7
TU 0724 ,3
TU 0208 ,31
TU 0718 ,31
TU 8713 ,41
TU 0757 ,36
TU 0720 ,11
TU 7080 ,22
TU 0485 ,10
TU 9081 ,16
TU 0756 ,3
TU 0997 ,45
TU 0753 ,16
TU 0712 ,9
TU 0440 ,40
TU 0722 ,6
TU 0282 ,20
TU 0875 ,10
TU 0283 ,15
TU 0735 ,9
TU 0724 ,34
TU 7033 ,42
TU 0463 ,4
TU 0718 ,36
TU 0997 ,29
TU 0753 ,7
TU 0789 ,22
TU 7046 ,49
TU 0745 ,22
TU 0998 ,8
TU 0441 ,31
TU 0999 ,30
TU 0723 ,27
TU 0399 ,39
TU 7248 ,48
TU 0880 ,35
TU 0716 ,6
TU 0930 ,29
TU 0282 ,46
TU 6551 ,35
TU 0717 ,42
TU 0496 ,29
TU 7244 ,12
TU 0497 ,11
TU 0711 ,1
TU 0338 ,6
TU 7039 ,11
TU 8305 ,30
TU 6553 ,26
TU 0215 ,18
TU 0722 ,18
TU 0646 ,39
TU 0998 ,7
TU 7036 ,3
TU 0791 ,34
TU 0647 ,37
TU 8303 ,32
TU 8538 ,9
TU 0711 ,5
TU 0788 ,27
TU 6290 ,34
TU 0852 ,16
TU 0216 ,23
TU 0724 ,14
TU 3067 ,17
TU 0725 ,43
TU 0282 ,39
TU 0214 ,45
TU 0711 ,17
TU 0543 ,7
TU 0753 ,36
TU 0701 ,35
TU 0902 ,16
TU 6538 ,14
TU 2004 ,7
TU 6648 ,22
TU 0725 ,44
TU 0635 ,6
TU 0249 ,45
TU 0711 ,39
TU 0752 ,30
TU 6141 ,16
TU 0701 ,38
TU 6344 ,25
TU 0929 ,21
TU 0711 ,20
TU 0694 ,4
TU 6593 ,33
TU 0756 ,43
TU 0718 ,30
TU 0588 ,3
TU 7122 ,20
TU 6220 ,33
TU 0251 ,11
TU 0853 ,45
TU 0680 ,7
TU 0723 ,12
TU 0930 ,37
TU 0202 ,4
TU 7234 ,5
TU 0635 ,17
TU 0789 ,3
TU 0496 ,34
TU 7244 ,22
TU 0227 ,36
TU 8304 ,24
TU 0744 ,32
TU 0526 ,25
TU 0339 ,5
TU 0215 ,2
TU 0701 ,4
TU 7037 ,7
TU 0930 ,43
TU 0282 ,48
TU 8613 ,47
TU 0635 ,2
TU 4283 ,29
TU 0753 ,12
TU 8630 ,46
TU 0397 ,9
TU 0397 ,10
TU 0543 ,4
TU 6538 ,30
TU 2009 ,6
TU 0399 ,2
TU 0399 ,21
TU 7092 ,40
TU 0782 ,37
TU 0226 ,35
TU 0694 ,36
TU 0248 ,41
TU 0788 ,31
TU 0783 ,23
TU 0756 ,47
TU 0227 ,13
TU 0753 ,6
TU 6132 ,22
TU 0250 ,31
TU 0847 ,6
TU 0788 ,43
TU 0752 ,25
TU 0700 ,20
TU 0701 ,3
TU 0708 ,44
TU 0724 ,27
TU 0837 ,12
TU 6345 ,14
TU 8611 ,12
TU 0481 ,16
TU 0701 ,49
TU 0401 ,45
GJT 0830 ,4
TU 0526 ,16
TU 0744 ,36
TU 0282 ,35
TU 0202 ,41
TU 0527 ,34
TU 0848 ,19
TU 7254 ,18
TU 0440 ,31
TU 0496 ,29
TU 6152 ,32
TU 0607 ,20
TU 6153 ,4
TU 0602 ,9
TU 0526 ,14
TU 0788 ,32
TU 0750 ,26
TU 0717 ,49
TU 0718 ,46
TU 8305 ,44
TU 0215 ,15
TU 0250 ,3
TU 0850 ,24
TU 8302 ,23
TU 0721 ,36
TU 0680 ,42
TU 0929 ,11
TU 0628 ,28
TU 0613 ,41
TU 7322 ,23
TU 2002 ,48
TU 0725 ,33
TU 0930 ,11
TU 2003 ,34
TU 0931 ,17
TU 0718 ,37
TU 0283 ,35
TU 0339 ,29
TU 0751 ,41
TU 0719 ,18
TU 0734 ,44
TU 0251 ,14
TU 6539 ,43
TU 7269 ,24
TU 6110 ,21
TU 0734 ,6
TU 6553 ,41
TU 0790 ,46
TU 0711 ,36
TU 0996 ,7
TU 0700 ,18
TU 0848 ,10
TU 0928 ,39
TU 6499 ,34
TU 0929 ,29
TU 0214 ,28
TU 0745 ,10
TU 0721 ,36
TU 0930 ,22
TU 0744 ,15
TU 0711 ,18
TU 7249 ,13
TU 0931 ,31
TU 0718 ,1
TU 7254 ,5
TU 0214 ,26
TU 0463 ,38
TU 0712 ,2
TU 0610 ,43
TU 0680 ,11
TU 0724 ,31
TU 0725 ,43
TU 0930 ,24
TU 0847 ,6
TU 0628 ,47
TU 0338 ,25
TU 0717 ,49
TU 0997 ,33
TU 6291 ,1
TU 0643 ,12
TU 4012 ,33
TU 0930 ,27
TU 0718 ,16
TU 0753 ,29
TU 0789 ,48
TU 6538 ,11
TU 0606 ,44
TU 0441 ,15
TU 0680 ,12
TU 0857 ,19
UG 0011 ,27
TU 7268 ,20
TU 0996 ,44
TU 0642 ,23
TU 0227 ,47
TU 0997 ,12
TU 0814 ,15
TU 0610 ,32
TU 0629 ,6
TU 0744 ,35
TU 0931 ,29
TU 0527 ,17
TU 0589 ,1
TU 0745 ,35
TU 0721 ,33
UG 0401 ,2
TU 0214 ,32
TU 0634 ,4
TU 0635 ,36
TU 7046 ,44
TU 0440 ,39
TU 0708 ,10
TU 0642 ,41
TU 0683 ,25
TU 0857 ,21
TU 0634 ,29
TU 0282 ,27
TU 0790 ,14
TU 7255 ,28
TU 0723 ,48
TU 6152 ,7
TU 7244 ,32
TU 0203 ,46
TU 0602 ,24
TU 0930 ,41
TU 0744 ,21
TU 0669 ,41
TU 0712 ,27
TU 0902 ,34
TU 0722 ,19
TU 0998 ,37
TU 0611 ,48
TU 0680 ,16
TU 7037 ,22
TU 0400 ,14
TU 0440 ,33
TU 0716 ,20
TU 0930 ,1
TU 0208 ,27
TU 8225 ,19
TU 0283 ,36
TU 4283 ,4
TU 4380 ,45
TU 8600 ,21
TU 0723 ,25
TU 4381 ,32
TU 5091 ,27
TU 0711 ,12
TU 0701 ,42
TU 0588 ,5
TU 0526 ,37
TU 0716 ,19
TU 8712 ,2
TU 0209 ,49
TU 0745 ,9
TU 6132 ,10
TU 7040 ,25
TU 0847 ,35
TU 0790 ,26
TU 8084 ,20
TU 8085 ,37
TU 0735 ,1
TU 3362 ,10
TU 0836 ,44
TU 3508 ,7
TU 0930 ,48
TU 0711 ,36
TU 0463 ,9
TU 8611 ,7
TU 0695 ,44
TU 0757 ,19
TU 0708 ,4
TU 0682 ,10
TU 0251 ,46
TU 0589 ,44
TU 0706 ,20
TU 0261 ,42
TU 0554 ,38
TU 0711 ,47
TU 7249 ,4
TU 0555 ,15
TU 0635 ,47
TU 0853 ,14
TU 0791 ,49
TU 5026 ,46
TU 0497 ,35
TU 0716 ,12
TU 4603 ,49
TU 0209 ,19
TU 0753 ,32
TU 0701 ,2
TU 0634 ,31
TU 0744 ,13
TU 0282 ,43
TU 0902 ,48
TU 6648 ,6
TU 0734 ,41
TU 0251 ,6
TU 0606 ,21
TU 0709 ,38
TU 0791 ,12
TU 0399 ,11
TU 0857 ,15
TU 0735 ,9
TU 0527 ,19
TU 0724 ,1
TU 0319 ,34
TU 0217 ,44
TU 0841 ,46
TU 7092 ,41
TU 0756 ,45
TU 0603 ,41
TU 0745 ,10
TU 0790 ,43
TU 0880 ,31
TU 0610 ,32
UG 0011 ,14
TU 0716 ,30
TU 0214 ,47
TU 0589 ,13
TU 0440 ,11
TU 6498 ,2
TU 0374 ,27
TU 0375 ,46
TU 0401 ,20
TU 0319 ,41
TU 0462 ,45
TU 0931 ,15
TU 0717 ,21
TU 0708 ,29
TU 0721 ,8
TU 0216 ,2
TU 0441 ,26
TU 0554 ,33
TU 0880 ,16
TU 0716 ,42
TU 0750 ,10
TU 0881 ,26
TU 0751 ,28
TU 7234 ,46
TU 0648 ,35
TU 0700 ,37
TU 0272 ,5
TU 0273 ,43
TU 0602 ,29
TU 0595 ,14
TU 8305 ,2
TU 0282 ,11
TU 0856 ,10
TU 0857 ,32
TU 0681 ,16
TU 9097 ,26
TU 0750 ,28
TU 0702 ,32
TU 8613 ,17
TU 0629 ,29
TU 0789 ,6
TU 0720 ,8
TU 4602 ,41
TU 0642 ,13
TU 4380 ,14
TU 0856 ,44
TU 6593 ,3
TU 0791 ,13
TU 4381 ,3
TU 0282 ,45
TU 0996 ,45
TU 0752 ,37
TU 0283 ,15
TU 0215 ,39
TU 0902 ,32
TU 0250 ,7
TU 0440 ,46
TU 0374 ,34
TU 6538 ,29
TU 0280 ,40
TU 0711 ,12
TU 0744 ,19
TU 0783 ,43
TU 7262 ,5
TU 0610 ,22
TU 0791 ,40
TU 0716 ,25
TU 0788 ,43
TU 0752 ,4
TU 0931 ,3
TU 0527 ,48
TU 0745 ,31
TU 0857 ,19
TU 0514 ,44
TU 0903 ,47
TU 0202 ,14
TU 0723 ,7
TU 0607 ,14
TU 0791 ,41
TU 0753 ,27
TU 0683 ,8
TU 0589 ,7
TU 0643 ,42
TU 0563 ,49
TU 0399 ,3
TU 6550 ,47
TU 0634 ,32
TU 0515 ,32
TU 0648 ,40
TU 0850 ,28
TU 0722 ,32
TU 0705 ,36
TU 0499 ,13
TU 0375 ,6
TU 0735 ,34
TU 0273 ,11
TU 8304 ,41
TU 0711 ,12
TU 0527 ,44
TU 9052 ,35
TU 0251 ,40
TU 4750 ,43
TU 0318 ,42
TU 0783 ,5
TU 4751 ,23
TU 8303 ,19
TU 0319 ,32
TU 0203 ,33
TU 0400 ,1
TU 0635 ,36
TU 0720 ,46
TU 0998 ,38
TU 0853 ,45
TU 8331 ,11
TU 0701 ,25
TU 0462 ,22
TU 0930 ,23
TU 0711 ,10
TU 0215 ,26
TU 0903 ,35
TU 0722 ,41
TU 0721 ,2
TU 6539 ,29
TU 0735 ,3
TU 0724 ,42
TU 0814 ,8
TU 0681 ,5
TU 0717 ,26
TU 0720 ,39
TU 0374 ,20
TU 0722 ,37
TU 0850 ,7
TU 6553 ,41
TU 0397 ,13
TU 0668 ,39
TU 0723 ,43
TU 0527 ,37
TU 0203 ,31
TU 0790 ,36
TU 0813 ,9
TU 0282 ,43
TU 0997 ,12
TU 0753 ,16
TU 0683 ,25
TU 0643 ,7
TU 0706 ,46
TU 0930 ,24
TU 0788 ,42
TU 0527 ,39
TU 0629 ,13
TU 0539 ,30
TU 0606 ,19
TU 9055 ,45
TU 0874 ,21
TU 0700 ,7
TU 0463 ,27
TU 0202 ,47
TU 0719 ,24
TU 0928 ,35
TU 0319 ,25
TU 0682 ,39
TU 0282 ,14
TU 0750 ,43
TU 0756 ,13
TU 0852 ,19
TU 0397 ,15
TU 0724 ,31
TU 0929 ,3
TU 0788 ,28
TU 0997 ,47
TU 0789 ,14
TU 0374 ,48
TU 0318 ,29
TU 0399 ,38
TU 0735 ,30
TU 0527 ,40
TU 0681 ,24
TU 0725 ,17
TU 0717 ,34
TU 0249 ,27
TU 0814 ,3
TU 0603 ,32
TU 0668 ,30
TU 0716 ,14
TU 0930 ,32
TU 0931 ,16
TU 0717 ,31
TU 0791 ,12
TU 0216 ,24
UG 1301 ,36
TU 0724 ,47
TU 0716 ,25
TU 0752 ,28
TU 0635 ,37
TU 0997 ,6
TU 0722 ,37
TU 0709 ,32
TU 0643 ,19
TU 0841 ,37
TU 0847 ,48
TU 0282 ,19
TU 0711 ,33
TU 0750 ,49
TU 0514 ,49
TU 0790 ,13
TU 0374 ,5
TU 0998 ,15
TU 0606 ,9
TU 0226 ,12
TU 0543 ,33
TU 0701 ,15
TU 0497 ,18
TU 0540 ,25
TU 0996 ,7
TU 0595 ,38
TU 0717 ,12
TU 0751 ,24
TU 0720 ,4
TU 0646 ,49
TU 0724 ,21
TU 0711 ,36
TU 0752 ,18
TU 0848 ,11
TU 0931 ,37
TU 0473 ,30
TU 0481 ,30
TU 0757 ,30
TU 0700 ,34
TU 0611 ,30
TU 4602 ,48
TU 7451 ,32
TU 0724 ,25
TU 0716 ,6
TU 0930 ,24
TU 0752 ,35
TU 0635 ,32
TU 0723 ,1
TU 0399 ,45
TU 0716 ,38
TU 0756 ,5
TU 0643 ,42
TU 0700 ,3
TU 0756 ,49
TU 0441 ,18
TU 0374 ,21
TU 0202 ,41
TU 3515 ,42
TU 0724 ,39
TU 0790 ,38
TU 0209 ,20
TU 0700 ,28
TU 0902 ,42
TU 0998 ,41
TU 0375 ,14
TU 0613 ,30
TU 0999 ,24
TU 0724 ,28
TU 0874 ,17
TU 0700 ,38
TU 0875 ,30
TU 0283 ,45
TU 0997 ,20
TU 0751 ,22
TU 0602 ,48
TU 0681 ,49
TU 0718 ,44
TU 0701 ,20
UG 0031 ,1
TU 0789 ,29
TU 0751 ,43
TU 0542 ,32
TU 0399 ,3
TU 0527 ,1
UG 0010 ,29
TU 0930 ,20
TU 0996 ,16
TU 0756 ,24
TU 0717 ,49
TU 0753 ,3
TU 0712 ,44
TU 0722 ,30
UG 0009 ,14
TU 0744 ,43
TU 0716 ,15
TU 0783 ,6
TU 0757 ,14
TU 0719 ,13
TU 0813 ,12
TU 0750 ,23
TU 0814 ,18
TU 0751 ,7
TU 0700 ,38
TU 0642 ,20
TU 0208 ,22
TU 0719 ,21
TU 0564 ,34
TU 0996 ,42
TU 0542 ,8
TU 0526 ,29
TU 0215 ,3
TU 6497 ,13
UG 0010 ,14
TU 0874 ,27
TU 0752 ,23
TU 0717 ,8
TU 0813 ,17
TU 0400 ,21
TU 0847 ,37
TU 0996 ,26
TU 0338 ,15
TU 0753 ,29
TU 0757 ,30
TU 0712 ,41
TU 0998 ,17
TU 0613 ,38
TU 0930 ,39
TU 0700 ,5
TU 0515 ,11
TU 0717 ,7
TU 0718 ,34
TU 0931 ,22
TU 0628 ,33
TU 0723 ,11
TU 0589 ,17
TU 0716 ,19
TU 0700 ,20
TU 0711 ,47
TU 0814 ,35
TU 0227 ,21
TU 0374 ,18
TU 0722 ,25
TU 0913 ,48
TU 0634 ,37
TU 0472 ,24
TU 0635 ,4
TU 0526 ,25
TU 0709 ,35
TU 0716 ,21
TU 0711 ,31
TU 0996 ,36
TU 0283 ,2
TU 0997 ,11
TU 0791 ,30
TU 0588 ,22
TU 0902 ,42
TU 0903 ,14
TU 0209 ,22
TU 0713 ,15
TU 6496 ,23
TU 0720 ,33
TU 0848 ,10
TU 0722 ,8
TU 0724 ,12
TU 0440 ,26
TU 0700 ,33
TU 0997 ,47
TU 9000 ,29
TU 0894 ,3
TU 0725 ,28
TU 0209 ,23
TU 6595 ,39
TU 0215 ,18
TU 0789 ,29
TU 0683 ,6
TU 0998 ,27
TU 0723 ,15
TU 0214 ,38
TU 0711 ,5
TU 0717 ,6
TU 0745 ,10
TU 0757 ,41
TU 0526 ,38
TU 0375 ,33
TU 0216 ,38
TU 0713 ,28
TU 0841 ,22
TU 0700 ,15
TU 0226 ,33
TU 0814 ,11
TU 0753 ,34
TU 0613 ,31
TU 0724 ,12
TU 0217 ,23
TU 0397 ,31
TU 0214 ,41
TU 0753 ,10
TU 0719 ,21
TU 0709 ,29
TU 0723 ,18
TU 0711 ,43
TU 0789 ,42
TU 0841 ,46
TU 0724 ,49
TU 0554 ,42
TU 0788 ,49
TU 0847 ,29
TU 0542 ,15
TU 0756 ,31
TU 0880 ,47
TU 0397 ,39
TU 0722 ,35
TU 0706 ,13
TU 0874 ,9
TU 0716 ,45
TU 0700 ,43
TU 0725 ,3
TU 0463 ,15
TU 0725 ,3
TU 0756 ,15
TU 0209 ,48
TU 0757 ,49
TU 0719 ,8
TU 0214 ,47
TU 0716 ,12
TU 0790 ,25
TU 0930 ,23
TU 0756 ,46
TU 0931 ,33
TU 0791 ,31
TU 0718 ,5
TU 0282 ,10
TU 0283 ,10
TU 0607 ,47
UG 0011 ,5
TU 0399 ,34
TU 0750 ,2
TU 0997 ,49
TU 0226 ,42
TU 0712 ,32
TU 0375 ,30
TU 0723 ,5
TU 0606 ,41
TU 0996 ,24
TU 0756 ,14
TU 0745 ,14
TU 0753 ,9
UG 0008 ,49
TU 0216 ,42
TU 0527 ,13
UG 0010 ,33
TU 0813 ,13
TU 0214 ,20
TU 0790 ,18
TU 0789 ,1
TU 0374 ,20
TU 0463 ,10
TU 0841 ,6
TU 0399 ,12
TU 6498 ,42
TU 0788 ,45
TU 0526 ,13
TU 0700 ,47
TU 0706 ,21
TU 0724 ,48
TU 0441 ,22
TU 0283 ,7
TU 0338 ,11
TU 0722 ,36
TU 0216 ,17
TU 0217 ,31
UG 0011 ,15
TU 0634 ,6
TU 0642 ,30
TU 0997 ,41
TU 0635 ,40
TU 0705 ,24
TU 0722 ,7
TU 0857 ,39
TU 0706 ,23
TU 0397 ,14
TU 0635 ,38
TU 6539 ,17
TU 9095 ,44
TU 0251 ,25
TU 0607 ,4
TU 0717 ,16
TU 0790 ,21
TU 0722 ,12
TU 0215 ,41
TU 0757 ,5
TU 0719 ,25
UG 0045 ,12
TU 0790 ,24
TU 0374 ,48
TU 0463 ,45
TU 0719 ,41
TU 0563 ,1
TU 0217 ,33
TU 0214 ,33
TU 0716 ,2
TU 0752 ,23
TU 0717 ,2
TU 0718 ,45
TU 0848 ,14
TU 0722 ,46
TU 0246 ,35
TU 0851 ,49
TU 0216 ,36
TU 0791 ,17
TU 0716 ,48
TU 0338 ,48
TU 0441 ,25
TU 0215 ,9
TU 0708 ,2
TU 0790 ,19
TU 0902 ,20
TU 0723 ,45
TU 0399 ,13
TU 0208 ,24
UG 0401 ,42
TU 0789 ,7
TU 0473 ,6
TU 0374 ,30
TU 0998 ,34
TU 0701 ,14
TU 0397 ,23
TU 0999 ,8
TU 0724 ,12
TU 0750 ,25
TU 0997 ,46
TU 0339 ,6
TU 0753 ,36
TU 0681 ,9
TU 0542 ,4
TU 0250 ,9
TU 0606 ,16
TU 0629 ,30
TU 0724 ,3
TU 0813 ,36
TU 0744 ,4
TU 0930 ,42
TU 0997 ,25
TU 0397 ,16
TU 0723 ,9
TU 0724 ,13
TU 0930 ,45
TU 0756 ,5
TU 0717 ,43
TU 0757 ,32
TU 0722 ,33
TU 0217 ,27
TU 0214 ,12
TU 0716 ,15
TU 0752 ,27
TU 0756 ,21
TU 0215 ,16
TU 0757 ,21
TU 0714 ,29
TU 0526 ,12
TU 0543 ,4
TU 0527 ,5
TU 0999 ,16
TU 0247 ,40
TU 0913 ,19
TU 0214 ,4
TU 0283 ,34
TU 0319 ,18
TU 0647 ,20
TU 0711 ,18
TU 0996 ,28
TU 0750 ,9
TU 0397 ,7
TU 9027 ,48
TU 9006 ,35
TU 0634 ,28
TU 0788 ,16
TU 6538 ,18
TU 0399 ,43
TU 0724 ,18
TU 6005 ,4
TU 0216 ,17
TU 0903 ,15
TU 6005 ,13
TU 0716 ,29
TU 0790 ,25
TU 0753 ,30
TU 0202 ,21
TU 0683 ,46
TU 0215 ,17
TU 0734 ,9
TU 0723 ,40
TU 0634 ,4
TU 0788 ,7
TU 0725 ,35
TU 0202 ,49
TU 0718 ,22
TU 0848 ,31
TU 0515 ,11
TU 6497 ,12
TU 0706 ,46
TU 0892 ,36
TU 0893 ,44
TU 0202 ,3
TU 0208 ,29
TU 0788 ,37
TU 0338 ,22
TU 0215 ,14
TU 0745 ,28
TU 0339 ,25
TU 0374 ,24
TU 0480 ,4
TU 0705 ,43
TU 0515 ,39
TU 0914 ,8
TU 0716 ,37
TU 0514 ,7
TU 0463 ,13
TU 0997 ,36
TU 0751 ,2
TU 0718 ,17
TU 0902 ,37
TU 0588 ,38
TU 0246 ,37
TU 0724 ,12
TU 0813 ,6
TU 0711 ,20
TU 0725 ,17
TU 0643 ,48
TU 0753 ,20
TU 0610 ,43
TU 0375 ,26
TU 0913 ,3
TU 0714 ,1
TU 0790 ,6
TU 0514 ,20
TU 0472 ,47
TU 0752 ,1
TU 0745 ,26
TU 0526 ,7
TU 0709 ,37
TU 0527 ,23
TU 0713 ,29
TU 0931 ,17
TU 0283 ,8
TU 0902 ,24
TU 0722 ,31
TU 0903 ,26
TU 3887 ,34
TU 0744 ,19
TU 0543 ,45
TU 6496 ,48
TU 0734 ,4
TU 6018 ,21
TU 0725 ,17
TU 0745 ,45
TU 0753 ,13
TU 0712 ,42
TU 0318 ,27
TU 0902 ,34
TU 0719 ,3
TU 0903 ,43
TU 0216 ,8
TU 0744 ,34
TU 0642 ,30
TU 0711 ,30
UG 1300 ,9
TU 0718 ,32
TU 0588 ,9
TU 0902 ,33
TU 0720 ,41
TU 0856 ,34
TU 0998 ,27
TU 0589 ,23
TU 0607 ,32
TU 0853 ,35
TU 0929 ,44
TU 0463 ,41
TU 0635 ,46
TU 0282 ,49
TU 6648 ,11
TU 0283 ,20
TU 6649 ,12
